-- phpMyAdmin SQL Dump
-- version 4.6.5.2
-- https://www.phpmyadmin.net/
--
-- Host: 127.0.0.1
-- Generation Time: Aug 24, 2017 at 05:58 PM
-- Server version: 10.1.21-MariaDB
-- PHP Version: 7.1.1

SET SQL_MODE = "NO_AUTO_VALUE_ON_ZERO";
SET time_zone = "+00:00";


/*!40101 SET @OLD_CHARACTER_SET_CLIENT=@@CHARACTER_SET_CLIENT */;
/*!40101 SET @OLD_CHARACTER_SET_RESULTS=@@CHARACTER_SET_RESULTS */;
/*!40101 SET @OLD_COLLATION_CONNECTION=@@COLLATION_CONNECTION */;
/*!40101 SET NAMES utf8mb4 */;

--
-- Database: `addressbook`
--

-- --------------------------------------------------------

--
-- Table structure for table `contact`
--

CREATE TABLE `contact` (
  `id` int(11) NOT NULL,
  `first_name` varchar(50) NOT NULL,
  `last_name` varchar(50) NOT NULL,
  `contact_img` varchar(100) NOT NULL,
  `created_at` timestamp NOT NULL DEFAULT CURRENT_TIMESTAMP,
  `created_by` varchar(80) NOT NULL,
  `status` int(1) NOT NULL
) ENGINE=InnoDB DEFAULT CHARSET=latin1 ROW_FORMAT=COMPACT;

--
-- Dumping data for table `contact`
--

INSERT INTO `contact` (`id`, `first_name`, `last_name`, `contact_img`, `created_at`, `created_by`, `status`) VALUES
(1, 'zoran', 'radmilovic', 'maxresdefault.jpg', '2017-08-11 18:58:48', '1', 3),
(2, 'dragan gaga', 'nikolic', 'Nikolic_Dragan_121.jpg', '2017-08-11 18:59:36', '1', 3),
(3, 'mija', 'aleksic', 'mija-aleksic-702x336.jpg', '2017-08-11 19:00:24', '1', 3),
(4, 'miodrag', 'petrovic ckalja', 'ckaljapng.png', '2017-08-11 19:01:09', '1', 3),
(5, 'bora', 'todorovic', 'bora-todorovic.jpg', '2017-08-11 19:01:55', '1', 3),
(6, 'pavle', 'vujisic', 'download.jpg', '2017-08-11 19:02:35', '1', 3),
(7, 'aleksandar', 'bercek', '426_762.jpg', '2017-08-11 19:03:15', '1', 3),
(8, 'velimir bata', 'zivojinovic', 'bata.jpeg', '2017-08-11 19:04:01', '1', 3),
(9, 'bata', 'stojkovic', 'IMG_1458126801.jpg', '2017-08-11 19:05:51', '1', 3),
(10, 'petar', 'kralj', 'slika-110.jpg', '2017-08-11 19:06:30', '1', 3),
(11, 'al', 'pacino', 'pacino1.jpg', '2017-08-11 19:08:11', '1', 1),
(13, 'robert', 'de niro', 'robert-de-niro.jpg', '2017-08-11 19:56:02', '1', 2),
(14, 'dragomir', 'bojanic gidra', 'be249aafc482c0b31341467115ed7938.jpg', '2017-08-12 12:44:47', '1', 3),
(16, 'drago', 'cuma', 'Drago-Cuma-Lajanje-1.jpg', '2017-08-12 12:49:32', '1', 3),
(17, 'milena', 'dravic', 'milena-dravic.jpg', '2017-08-12 12:52:47', '1', 3),
(18, 'zarko', 'lausevic', '718full-zarko-lausevic.jpg', '2017-08-12 12:55:42', '1', 3),
(19, 'marko', 'nikolic', 'marko-nikolic-02.jpg', '2017-08-12 14:14:08', '1', 3),
(20, 'mira', 'banjac', 'mira-banjac.jpg', '2017-08-14 16:10:11', '1', 3),
(21, 'ben', 'kingsley', '00_11_tiff_ben-kingsley_md_dean-1200x750.jpg', '2017-08-16 16:27:09', '1', 3),
(22, 'sean', 'connery', 'seanconnery_pinterest_com_980x480.jpg', '2017-08-16 16:31:53', '1', 3),
(24, 'slavko', 'stimac', 'slavko-stimac.jpg', '2017-08-21 12:09:55', '1', 3),
(25, 'milan', 'gutovic', '1208721_0101_ls-s.jpg', '2017-08-22 07:51:31', '5', 3),
(30, 'marlon', 'brando', 'marlon-brando-grin.jpg', '2017-08-24 15:43:45', '18', 3);

-- --------------------------------------------------------

--
-- Table structure for table `contact_data`
--

CREATE TABLE `contact_data` (
  `id` int(11) NOT NULL,
  `contact_id` int(11) NOT NULL,
  `type` int(1) NOT NULL,
  `data` varchar(80) NOT NULL,
  `status` int(1) NOT NULL
) ENGINE=InnoDB DEFAULT CHARSET=latin1 ROW_FORMAT=COMPACT;

--
-- Dumping data for table `contact_data`
--

INSERT INTO `contact_data` (`id`, `contact_id`, `type`, `data`, `status`) VALUES
(1, 1, 0, '555', 2),
(2, 1, 1, 'zoki@ibi.com', 2),
(3, 1, 2, 'Cubura 126 11000 Beograd', 2),
(4, 2, 0, '4444', 2),
(5, 2, 1, 'gaga@ymail.com', 2),
(6, 2, 2, 'Cubura Bb 11000 Beograd', 2),
(7, 3, 0, '999555111', 2),
(8, 3, 1, 'mija@veselo.vece', 2),
(9, 3, 2, 'Zivka Jokica 58 11000beograd', 2),
(10, 4, 0, '45697874', 2),
(11, 4, 1, 'ckalja@paja.net', 2),
(12, 4, 2, 'Mike Slike 3345672 Pancevo', 2),
(13, 5, 0, '5165484111', 2),
(14, 5, 1, 'bora@piksla.com', 2),
(15, 5, 2, 'Dragise Vasica 12', 2),
(16, 6, 0, '45697874', 2),
(17, 6, 1, 'slep@sava.reka', 2),
(18, 6, 2, 'Slep Na Savi', 2),
(19, 7, 0, '999999999', 2),
(20, 7, 1, 'bercek@aca.com', 2),
(21, 7, 2, 'Ruma 5467', 2),
(22, 8, 0, '5687687', 2),
(23, 8, 1, 'bata@zivotinja.com', 2),
(24, 8, 2, 'Uzicka 14 7787 Uzice', 2),
(25, 9, 0, '333', 2),
(26, 9, 1, 'bubulea@bata.com', 2),
(27, 9, 2, 'Negde u Beogradu', 2),
(28, 10, 0, '45697874', 2),
(29, 10, 1, 'pera@jhjdshfo.bhfu', 2),
(30, 10, 2, 'Crveni Krst 11000 Beograd', 2),
(31, 11, 0, '333', 1),
(32, 11, 1, 'paki@paki.kom', 1),
(33, 11, 2, 'Holiwoooood 111', 1),
(37, 13, 0, '999999999', 2),
(38, 13, 1, 'robert@de.niro', 2),
(39, 13, 2, 'Holiwoooood 111', 2),
(40, 14, 0, '3465', 3),
(41, 14, 1, 'gidra@zika.milan', 3),
(42, 14, 2, 'Mike Alasa 44/32 11000 Beograd', 3),
(46, 16, 0, '44444', 3),
(47, 16, 1, 'cuki@muki.com', 3),
(48, 16, 2, 'cumicevo sokace 453', 3),
(49, 17, 0, '547676', 3),
(50, 17, 1, 'milena@dravic.com', 3),
(51, 17, 2, 'Cubura Bb Beograd', 3),
(52, 18, 0, '88888', 3),
(53, 18, 1, 'zarko@laus.com', 3),
(54, 18, 2, 'negde tamo 123', 3),
(55, 19, 0, '55555', 3),
(56, 19, 1, 'giga@moravac.ts', 3),
(57, 19, 2, 'Beograd', 3),
(58, 20, 0, '54648798955', 3),
(59, 20, 1, 'mira@banjac.klo', 3),
(60, 20, 2, 'Dafsfsd 25 Sdsf548', 3),
(61, 21, 0, '333', 3),
(62, 21, 1, 'ben@kingsley.com', 3),
(63, 21, 2, 'Dafsfsd 25 Sdsf548', 3),
(64, 22, 0, '54648798955', 3),
(65, 22, 1, 'son@con.com', 3),
(66, 22, 2, 'Ddssaa 1233 Lkjdhg', 3),
(70, 24, 0, '4445567', 3),
(71, 24, 1, 'slavko@stimac.com', 3),
(72, 24, 2, 'Cubura Bb Beograd', 3),
(73, 25, 0, '555', 3),
(74, 25, 1, 'sojic@sole.sucko', 3),
(75, 25, 2, 'Nepoznata Bb', 3),
(85, 30, 0, '125489654552', 3),
(86, 30, 1, 'marlon@brando.com', 3),
(87, 30, 2, 'ddssaa 1233 dhg', 3);

-- --------------------------------------------------------

--
-- Table structure for table `contact_views`
--

CREATE TABLE `contact_views` (
  `id` int(11) NOT NULL,
  `contact_id` int(11) NOT NULL,
  `user_id` int(11) NOT NULL,
  `start_time` timestamp NOT NULL DEFAULT CURRENT_TIMESTAMP
) ENGINE=InnoDB DEFAULT CHARSET=latin1 ROW_FORMAT=COMPACT;

--
-- Dumping data for table `contact_views`
--

INSERT INTO `contact_views` (`id`, `contact_id`, `user_id`, `start_time`) VALUES
(2, 11, 1, '2017-08-19 13:34:17'),
(3, 9, 1, '2017-08-19 13:34:21'),
(4, 2, 1, '2017-08-19 13:34:39'),
(5, 11, 1, '2017-08-19 13:35:44'),
(6, 11, 1, '2017-08-19 13:35:47'),
(7, 11, 1, '2017-08-19 13:35:49'),
(8, 16, 1, '2017-08-19 15:02:08'),
(9, 19, 1, '2017-08-19 15:02:11'),
(10, 14, 1, '2017-08-19 15:02:13'),
(11, 23, 1, '2017-08-19 15:02:15'),
(12, 14, 1, '2017-08-19 15:02:17'),
(13, 5, 1, '2017-08-19 15:02:19'),
(14, 3, 1, '2017-08-19 15:02:21'),
(15, 17, 1, '2017-08-19 15:02:24'),
(16, 17, 1, '2017-08-19 15:02:26'),
(17, 14, 1, '2017-08-19 15:02:28'),
(18, 16, 1, '2017-08-19 15:02:31'),
(19, 23, 1, '2017-08-19 15:02:33'),
(20, 2, 1, '2017-08-19 15:02:35'),
(21, 9, 1, '2017-08-19 15:02:38'),
(22, 7, 1, '2017-08-19 15:02:40'),
(23, 7, 1, '2017-08-19 15:02:43'),
(24, 7, 1, '2017-08-19 15:02:45'),
(25, 7, 1, '2017-08-19 15:02:47'),
(26, 9, 1, '2017-08-19 15:09:30'),
(27, 19, 1, '2017-08-19 15:09:33'),
(28, 7, 1, '2017-08-19 15:09:34'),
(29, 7, 1, '2017-08-19 15:09:37'),
(30, 11, 1, '2017-08-19 15:09:39'),
(31, 18, 1, '2017-08-19 15:09:42'),
(32, 1, 1, '2017-08-19 15:09:47'),
(33, 1, 1, '2017-08-19 15:09:50'),
(34, 1, 1, '2017-08-19 15:09:54'),
(35, 1, 1, '2017-08-19 15:09:58'),
(36, 1, 1, '2017-08-19 15:10:01'),
(37, 18, 1, '2017-08-19 15:10:04'),
(38, 1, 1, '2017-08-19 15:10:08'),
(39, 18, 1, '2017-08-19 15:10:13'),
(40, 1, 1, '2017-08-19 15:10:36'),
(41, 17, 1, '2017-08-19 15:48:37'),
(42, 11, 1, '2017-08-21 09:40:00'),
(43, 11, 1, '2017-08-21 09:44:38'),
(44, 11, 1, '2017-08-21 09:48:37'),
(45, 11, 1, '2017-08-21 09:51:34'),
(46, 2, 1, '2017-08-21 12:19:30'),
(47, 2, 1, '2017-08-21 12:19:38'),
(48, 2, 1, '2017-08-21 12:23:41'),
(49, 2, 1, '2017-08-21 12:23:41'),
(50, 21, 1, '2017-08-21 12:23:50'),
(51, 21, 1, '2017-08-21 12:23:56'),
(52, 21, 1, '2017-08-21 12:23:56'),
(53, 2, 1, '2017-08-21 12:24:11'),
(54, 25, 5, '2017-08-22 07:51:35'),
(55, 11, 1, '2017-08-22 11:40:39'),
(56, 11, 1, '2017-08-22 14:37:56'),
(57, 11, 1, '2017-08-22 14:38:15'),
(58, 11, 1, '2017-08-22 14:39:45'),
(59, 11, 1, '2017-08-22 14:39:48'),
(60, 7, 1, '2017-08-22 18:12:34'),
(61, 7, 1, '2017-08-22 18:12:57'),
(62, 7, 1, '2017-08-22 19:03:23'),
(63, 7, 1, '2017-08-22 19:04:07'),
(64, 9, 1, '2017-08-22 19:26:00'),
(65, 7, 1, '2017-08-22 19:26:08'),
(66, 7, 1, '2017-08-22 19:27:28'),
(67, 7, 1, '2017-08-22 19:27:36'),
(68, 7, 1, '2017-08-22 19:27:40'),
(69, 7, 1, '2017-08-22 19:27:41'),
(70, 7, 1, '2017-08-22 19:27:42'),
(71, 7, 1, '2017-08-22 19:27:42'),
(72, 7, 1, '2017-08-22 19:27:42'),
(73, 7, 1, '2017-08-22 19:27:43'),
(74, 7, 1, '2017-08-22 19:27:43'),
(75, 7, 1, '2017-08-22 19:27:43'),
(76, 7, 1, '2017-08-22 19:27:43'),
(77, 7, 1, '2017-08-22 19:27:44'),
(78, 7, 1, '2017-08-22 19:27:44'),
(79, 7, 1, '2017-08-22 19:27:44'),
(80, 7, 1, '2017-08-22 19:27:48'),
(81, 7, 1, '2017-08-22 19:30:30'),
(82, 7, 1, '2017-08-22 19:31:09'),
(83, 2, 1, '2017-08-22 19:32:14'),
(84, 2, 1, '2017-08-22 19:36:49'),
(85, 2, 1, '2017-08-22 19:37:04'),
(86, 2, 1, '2017-08-22 19:37:04'),
(87, 2, 1, '2017-08-22 19:37:41'),
(88, 2, 1, '2017-08-22 19:37:41'),
(89, 2, 1, '2017-08-22 19:37:57'),
(90, 2, 1, '2017-08-22 19:37:57'),
(91, 11, 1, '2017-08-22 19:41:16'),
(92, 16, 1, '2017-08-22 19:41:19'),
(93, 23, 1, '2017-08-22 19:41:23'),
(94, 18, 1, '2017-08-22 19:41:39'),
(95, 7, 1, '2017-08-23 05:31:07'),
(96, 25, 1, '2017-08-23 05:31:15'),
(97, 7, 1, '2017-08-23 06:02:41'),
(98, 7, 1, '2017-08-23 06:02:53'),
(99, 7, 1, '2017-08-23 06:02:53'),
(100, 26, 1, '2017-08-23 15:48:52'),
(101, 26, 1, '2017-08-23 15:51:39'),
(102, 26, 1, '2017-08-23 15:55:00'),
(103, 7, 1, '2017-08-23 16:04:54'),
(104, 7, 1, '2017-08-23 16:05:01'),
(105, 7, 1, '2017-08-23 16:05:15'),
(106, 7, 1, '2017-08-23 16:05:50'),
(107, 7, 1, '2017-08-23 16:06:46'),
(108, 7, 1, '2017-08-23 16:07:36'),
(109, 7, 1, '2017-08-23 16:07:49'),
(110, 19, 1, '2017-08-23 16:09:13'),
(111, 23, 1, '2017-08-23 16:12:08'),
(112, 27, 1, '2017-08-23 18:02:47'),
(113, 2, 1, '2017-08-23 18:03:45'),
(114, 27, 1, '2017-08-23 18:03:49'),
(115, 28, 1, '2017-08-23 18:09:35'),
(116, 29, 1, '2017-08-23 18:14:43'),
(117, 29, 1, '2017-08-23 18:16:43'),
(118, 30, 1, '2017-08-23 18:17:07'),
(119, 30, 1, '2017-08-23 18:17:21'),
(120, 30, 1, '2017-08-23 18:17:22'),
(121, 31, 1, '2017-08-23 18:17:39'),
(122, 31, 1, '2017-08-23 18:17:41'),
(123, 29, 1, '2017-08-23 18:17:43'),
(124, 29, 1, '2017-08-23 18:17:44'),
(125, 11, 1, '2017-08-24 05:41:57'),
(126, 11, 1, '2017-08-24 05:53:28'),
(127, 7, 1, '2017-08-24 06:03:24'),
(128, 5, 1, '2017-08-24 06:03:28'),
(129, 21, 1, '2017-08-24 06:14:14'),
(130, 21, 1, '2017-08-24 06:17:15'),
(131, 21, 1, '2017-08-24 06:18:02'),
(132, 21, 1, '2017-08-24 06:18:41'),
(133, 21, 1, '2017-08-24 06:37:18'),
(134, 5, 1, '2017-08-24 06:45:43'),
(135, 21, 1, '2017-08-24 07:08:36'),
(136, 2, 1, '2017-08-24 07:13:48'),
(137, 14, 1, '2017-08-24 07:15:18'),
(138, 25, 1, '2017-08-24 07:34:44'),
(139, 25, 1, '2017-08-24 07:47:03'),
(140, 25, 1, '2017-08-24 07:47:17'),
(141, 11, 1, '2017-08-24 07:48:36'),
(142, 11, 1, '2017-08-24 07:48:40'),
(143, 18, 1, '2017-08-24 07:52:16'),
(144, 18, 1, '2017-08-24 07:52:22'),
(145, 18, 1, '2017-08-24 07:52:35'),
(146, 18, 1, '2017-08-24 07:54:05'),
(147, 18, 1, '2017-08-24 07:54:21'),
(148, 18, 1, '2017-08-24 07:54:21'),
(149, 18, 1, '2017-08-24 07:54:33'),
(150, 18, 1, '2017-08-24 07:54:41'),
(151, 18, 1, '2017-08-24 07:54:48'),
(152, 18, 1, '2017-08-24 07:54:57'),
(153, 16, 1, '2017-08-24 08:04:18'),
(154, 16, 1, '2017-08-24 08:05:50'),
(155, 16, 1, '2017-08-24 08:07:43'),
(156, 16, 1, '2017-08-24 08:07:49'),
(157, 16, 1, '2017-08-24 08:09:24'),
(158, 16, 1, '2017-08-24 08:09:35'),
(159, 16, 1, '2017-08-24 08:09:41'),
(160, 16, 1, '2017-08-24 08:09:51'),
(161, 16, 1, '2017-08-24 08:09:58'),
(162, 16, 1, '2017-08-24 08:10:06'),
(163, 16, 1, '2017-08-24 08:10:12'),
(164, 16, 1, '2017-08-24 08:10:18'),
(165, 16, 1, '2017-08-24 08:10:31'),
(166, 16, 1, '2017-08-24 08:11:03'),
(167, 16, 1, '2017-08-24 08:11:12'),
(168, 9, 1, '2017-08-24 08:11:54'),
(169, 9, 1, '2017-08-24 08:12:01'),
(170, 9, 1, '2017-08-24 08:12:15'),
(171, 9, 1, '2017-08-24 08:12:22'),
(172, 9, 1, '2017-08-24 08:12:28'),
(173, 9, 1, '2017-08-24 08:12:36'),
(174, 19, 1, '2017-08-24 08:34:57'),
(175, 19, 1, '2017-08-24 08:35:03'),
(176, 19, 1, '2017-08-24 08:37:31'),
(177, 2, 1, '2017-08-24 08:47:10'),
(178, 2, 1, '2017-08-24 08:48:21'),
(179, 2, 1, '2017-08-24 08:48:38'),
(180, 25, 1, '2017-08-24 08:48:40'),
(181, 25, 1, '2017-08-24 08:48:45'),
(182, 1, 1, '2017-08-24 08:51:12'),
(183, 1, 1, '2017-08-24 08:51:18'),
(184, 1, 1, '2017-08-24 08:59:22'),
(185, 1, 1, '2017-08-24 08:59:32'),
(186, 1, 1, '2017-08-24 09:02:14'),
(187, 1, 1, '2017-08-24 09:02:28'),
(188, 1, 1, '2017-08-24 09:02:34'),
(189, 26, 1, '2017-08-24 09:05:26'),
(190, 26, 1, '2017-08-24 09:05:30'),
(191, 11, 1, '2017-08-24 09:12:35'),
(192, 3, 1, '2017-08-24 09:12:38'),
(193, 27, 1, '2017-08-24 09:39:50'),
(194, 27, 1, '2017-08-24 09:42:17'),
(195, 27, 1, '2017-08-24 09:43:32'),
(196, 27, 1, '2017-08-24 09:44:40'),
(197, 27, 1, '2017-08-24 09:45:49'),
(198, 27, 1, '2017-08-24 09:51:16'),
(199, 27, 1, '2017-08-24 09:51:20'),
(200, 27, 1, '2017-08-24 09:52:53'),
(201, 28, 1, '2017-08-24 09:54:19'),
(202, 28, 1, '2017-08-24 09:54:21'),
(203, 11, 1, '2017-08-24 14:22:08'),
(204, 11, 1, '2017-08-24 14:22:13'),
(205, 11, 1, '2017-08-24 14:22:24'),
(206, 11, 1, '2017-08-24 14:22:29'),
(207, 11, 1, '2017-08-24 14:22:36'),
(208, 11, 1, '2017-08-24 14:22:47'),
(209, 11, 1, '2017-08-24 14:22:58'),
(210, 29, 1, '2017-08-24 14:23:23'),
(211, 29, 1, '2017-08-24 14:23:26'),
(212, 21, 1, '2017-08-24 14:23:45'),
(213, 9, 1, '2017-08-24 15:09:31'),
(214, 9, 1, '2017-08-24 15:09:50'),
(215, 11, 2, '2017-08-24 15:35:23'),
(216, 11, 1, '2017-08-24 15:37:27'),
(217, 14, 1, '2017-08-24 15:37:47'),
(218, 23, 1, '2017-08-24 15:41:15'),
(219, 23, 1, '2017-08-24 15:41:16'),
(220, 11, 18, '2017-08-24 15:43:12'),
(221, 11, 18, '2017-08-24 15:44:38'),
(222, 11, 18, '2017-08-24 15:44:44'),
(223, 11, 18, '2017-08-24 15:46:43'),
(224, 11, 18, '2017-08-24 15:47:09');

-- --------------------------------------------------------

--
-- Table structure for table `history`
--

CREATE TABLE `history` (
  `id` int(11) NOT NULL,
  `table_name` varchar(20) NOT NULL,
  `contact_id` int(11) NOT NULL,
  `contact_type` int(1) NOT NULL,
  `old_record` blob NOT NULL,
  `new_record` blob NOT NULL,
  `user_id` int(11) NOT NULL,
  `created_at` timestamp NOT NULL DEFAULT CURRENT_TIMESTAMP
) ENGINE=InnoDB DEFAULT CHARSET=latin1 ROW_FORMAT=COMPACT;

--
-- Dumping data for table `history`
--

INSERT INTO `history` (`id`, `table_name`, `contact_id`, `contact_type`, `old_record`, `new_record`, `user_id`, `created_at`) VALUES
(1, 'contact_data', 13, 0, 0x613a333a7b693a303b613a353a7b733a323a226964223b693a33373b733a31303a22636f6e746163745f6964223b693a31333b733a343a2274797065223b693a303b733a343a2264617461223b733a31313a223534363438373938393535223b733a363a22737461747573223b693a323b7d693a313b613a353a7b733a323a226964223b693a33383b733a31303a22636f6e746163745f6964223b693a31333b733a343a2274797065223b693a313b733a343a2264617461223b733a31343a22726f626572744064652e6e69726f223b733a363a22737461747573223b693a323b7d693a323b613a353a7b733a323a226964223b693a33393b733a31303a22636f6e746163745f6964223b693a31333b733a343a2274797065223b693a323b733a343a2264617461223b733a31383a224464737361612031323333204c6b6a646867223b733a363a22737461747573223b693a323b7d7d, 0x613a333a7b693a303b613a353a7b733a323a226964223b693a33373b733a31303a22636f6e746163745f6964223b693a31333b733a343a2274797065223b693a303b733a343a2264617461223b733a393a22393939393939393939223b733a363a22737461747573223b693a323b7d693a313b613a353a7b733a323a226964223b693a33383b733a31303a22636f6e746163745f6964223b693a31333b733a343a2274797065223b693a313b733a343a2264617461223b733a31343a22726f626572744064652e6e69726f223b733a363a22737461747573223b693a323b7d693a323b613a353a7b733a323a226964223b693a33393b733a31303a22636f6e746163745f6964223b693a31333b733a343a2274797065223b693a323b733a343a2264617461223b733a31383a224464737361612031323333204c6b6a646867223b733a363a22737461747573223b693a323b7d7d, 2, '2017-08-18 15:43:46'),
(2, 'contact_data', 13, 2, 0x613a333a7b693a303b613a353a7b733a323a226964223b693a33373b733a31303a22636f6e746163745f6964223b693a31333b733a343a2274797065223b693a303b733a343a2264617461223b733a393a22393939393939393939223b733a363a22737461747573223b693a323b7d693a313b613a353a7b733a323a226964223b693a33383b733a31303a22636f6e746163745f6964223b693a31333b733a343a2274797065223b693a313b733a343a2264617461223b733a31343a22726f626572744064652e6e69726f223b733a363a22737461747573223b693a323b7d693a323b613a353a7b733a323a226964223b693a33393b733a31303a22636f6e746163745f6964223b693a31333b733a343a2274797065223b693a323b733a343a2264617461223b733a31383a224464737361612031323333204c6b6a646867223b733a363a22737461747573223b693a323b7d7d, 0x613a333a7b693a303b613a353a7b733a323a226964223b693a33373b733a31303a22636f6e746163745f6964223b693a31333b733a343a2274797065223b693a303b733a343a2264617461223b733a393a22393939393939393939223b733a363a22737461747573223b693a323b7d693a313b613a353a7b733a323a226964223b693a33383b733a31303a22636f6e746163745f6964223b693a31333b733a343a2274797065223b693a313b733a343a2264617461223b733a31343a22726f626572744064652e6e69726f223b733a363a22737461747573223b693a323b7d693a323b613a353a7b733a323a226964223b693a33393b733a31303a22636f6e746163745f6964223b693a31333b733a343a2274797065223b693a323b733a343a2264617461223b733a31353a22486f6c69776f6f6f6f6f6420313131223b733a363a22737461747573223b693a323b7d7d, 2, '2017-08-18 15:44:49'),
(3, 'contact_data', 9, 0, 0x613a333a7b693a303b613a353a7b733a323a226964223b693a32353b733a31303a22636f6e746163745f6964223b693a393b733a343a2274797065223b693a303b733a343a2264617461223b733a353a223235343637223b733a363a22737461747573223b693a323b7d693a313b613a353a7b733a323a226964223b693a32363b733a31303a22636f6e746163745f6964223b693a393b733a343a2274797065223b693a313b733a343a2264617461223b733a31353a22627562756c6561406b6f6d2e636f6d223b733a363a22737461747573223b693a323b7d693a323b613a353a7b733a323a226964223b693a32373b733a31303a22636f6e746163745f6964223b693a393b733a343a2274797065223b693a323b733a343a2264617461223b733a31333a2242656f67726164203435363735223b733a363a22737461747573223b693a323b7d7d, 0x613a333a7b693a303b613a353a7b733a323a226964223b693a32353b733a31303a22636f6e746163745f6964223b693a393b733a343a2274797065223b693a303b733a343a2264617461223b733a363a22373839393939223b733a363a22737461747573223b693a323b7d693a313b613a353a7b733a323a226964223b693a32363b733a31303a22636f6e746163745f6964223b693a393b733a343a2274797065223b693a313b733a343a2264617461223b733a31353a22627562756c6561406b6f6d2e636f6d223b733a363a22737461747573223b693a323b7d693a323b613a353a7b733a323a226964223b693a32373b733a31303a22636f6e746163745f6964223b693a393b733a343a2274797065223b693a323b733a343a2264617461223b733a31333a2242656f67726164203435363735223b733a363a22737461747573223b693a323b7d7d, 1, '2017-08-19 08:56:23'),
(4, 'contact_data', 9, 1, 0x613a333a7b693a303b613a353a7b733a323a226964223b693a32353b733a31303a22636f6e746163745f6964223b693a393b733a343a2274797065223b693a303b733a343a2264617461223b733a363a22373839393939223b733a363a22737461747573223b693a323b7d693a313b613a353a7b733a323a226964223b693a32363b733a31303a22636f6e746163745f6964223b693a393b733a343a2274797065223b693a313b733a343a2264617461223b733a31353a22627562756c6561406b6f6d2e636f6d223b733a363a22737461747573223b693a323b7d693a323b613a353a7b733a323a226964223b693a32373b733a31303a22636f6e746163745f6964223b693a393b733a343a2274797065223b693a323b733a343a2264617461223b733a31333a2242656f67726164203435363735223b733a363a22737461747573223b693a323b7d7d, 0x613a333a7b693a303b613a353a7b733a323a226964223b693a32353b733a31303a22636f6e746163745f6964223b693a393b733a343a2274797065223b693a303b733a343a2264617461223b733a363a22373839393939223b733a363a22737461747573223b693a323b7d693a313b613a353a7b733a323a226964223b693a32363b733a31303a22636f6e746163745f6964223b693a393b733a343a2274797065223b693a313b733a343a2264617461223b733a31383a22626174614073746f6a6b6f7669632e636f6d223b733a363a22737461747573223b693a323b7d693a323b613a353a7b733a323a226964223b693a32373b733a31303a22636f6e746163745f6964223b693a393b733a343a2274797065223b693a323b733a343a2264617461223b733a31333a2242656f67726164203435363735223b733a363a22737461747573223b693a323b7d7d, 1, '2017-08-19 08:56:39'),
(5, 'contact_data', 9, 2, 0x613a333a7b693a303b613a353a7b733a323a226964223b693a32353b733a31303a22636f6e746163745f6964223b693a393b733a343a2274797065223b693a303b733a343a2264617461223b733a363a22373839393939223b733a363a22737461747573223b693a323b7d693a313b613a353a7b733a323a226964223b693a32363b733a31303a22636f6e746163745f6964223b693a393b733a343a2274797065223b693a313b733a343a2264617461223b733a31383a22626174614073746f6a6b6f7669632e636f6d223b733a363a22737461747573223b693a323b7d693a323b613a353a7b733a323a226964223b693a32373b733a31303a22636f6e746163745f6964223b693a393b733a343a2274797065223b693a323b733a343a2264617461223b733a31333a2242656f67726164203435363735223b733a363a22737461747573223b693a323b7d7d, 0x613a333a7b693a303b613a353a7b733a323a226964223b693a32353b733a31303a22636f6e746163745f6964223b693a393b733a343a2274797065223b693a303b733a343a2264617461223b733a363a22373839393939223b733a363a22737461747573223b693a323b7d693a313b613a353a7b733a323a226964223b693a32363b733a31303a22636f6e746163745f6964223b693a393b733a343a2274797065223b693a313b733a343a2264617461223b733a31383a22626174614073746f6a6b6f7669632e636f6d223b733a363a22737461747573223b693a323b7d693a323b613a353a7b733a323a226964223b693a32373b733a31303a22636f6e746163745f6964223b693a393b733a343a2274797065223b693a323b733a343a2264617461223b733a31313a223031312042656f67726164223b733a363a22737461747573223b693a323b7d7d, 1, '2017-08-19 08:56:51'),
(6, 'contact_data', 16, 0, 0x613a313a7b693a303b613a353a7b733a323a226964223b693a34363b733a31303a22636f6e746163745f6964223b693a31363b733a343a2274797065223b693a303b733a343a2264617461223b733a353a223332343533223b733a363a22737461747573223b693a333b7d7d, 0x613a333a7b693a303b613a353a7b733a323a226964223b693a34363b733a31303a22636f6e746163745f6964223b693a31363b733a343a2274797065223b693a303b733a343a2264617461223b733a393a22393939393939393939223b733a363a22737461747573223b693a333b7d693a313b613a353a7b733a323a226964223b693a34373b733a31303a22636f6e746163745f6964223b693a31363b733a343a2274797065223b693a313b733a343a2264617461223b733a32363a2263756d616a65646564656375406f63652e6d616c6f7375747261223b733a363a22737461747573223b693a333b7d693a323b613a353a7b733a323a226964223b693a34383b733a31303a22636f6e746163745f6964223b693a31363b733a343a2274797065223b693a323b733a343a2264617461223b733a31383a2243756d696365766f20536f6b616365204262223b733a363a22737461747573223b693a333b7d7d, 1, '2017-08-19 12:38:10'),
(7, 'contact_data', 3, 0, 0x613a313a7b693a303b613a353a7b733a323a226964223b693a373b733a31303a22636f6e746163745f6964223b693a333b733a343a2274797065223b693a303b733a343a2264617461223b733a393a22353435343635343531223b733a363a22737461747573223b693a323b7d7d, 0x613a313a7b693a303b613a353a7b733a323a226964223b693a373b733a31303a22636f6e746163745f6964223b693a333b733a343a2274797065223b693a303b733a343a2264617461223b733a393a22393939353535313131223b733a363a22737461747573223b693a323b7d7d, 1, '2017-08-19 12:40:31'),
(8, 'contact_data', 2, 0, 0x613a313a7b693a303b613a353a7b733a323a226964223b693a343b733a31303a22636f6e746163745f6964223b693a323b733a343a2274797065223b693a303b733a343a2264617461223b733a31303a2235353536363632333939223b733a363a22737461747573223b693a323b7d7d, 0x613a313a7b693a303b613a353a7b733a323a226964223b693a343b733a31303a22636f6e746163745f6964223b693a323b733a343a2274797065223b693a303b733a343a2264617461223b733a343a2234343434223b733a363a22737461747573223b693a323b7d7d, 1, '2017-08-21 12:19:38'),
(9, 'contact_data', 2, 0, 0x613a313a7b693a303b613a353a7b733a323a226964223b693a343b733a31303a22636f6e746163745f6964223b693a323b733a343a2274797065223b693a303b733a343a2264617461223b733a393a22393939393939393939223b733a363a22737461747573223b693a323b7d7d, 0x613a313a7b693a303b613a353a7b733a323a226964223b693a343b733a31303a22636f6e746163745f6964223b693a323b733a343a2274797065223b693a303b733a343a2264617461223b733a343a2234343434223b733a363a22737461747573223b693a323b7d7d, 1, '2017-08-21 12:23:41'),
(10, 'contact_data', 21, 0, 0x613a313a7b693a303b613a353a7b733a323a226964223b693a36313b733a31303a22636f6e746163745f6964223b693a32313b733a343a2274797065223b693a303b733a343a2264617461223b733a31313a223534363438373938393535223b733a363a22737461747573223b693a333b7d7d, 0x613a313a7b693a303b613a353a7b733a323a226964223b693a36313b733a31303a22636f6e746163745f6964223b693a32313b733a343a2274797065223b693a303b733a343a2264617461223b733a333a22333333223b733a363a22737461747573223b693a333b7d7d, 1, '2017-08-21 12:23:56'),
(11, 'contact_data', 2, 0, 0x613a313a7b693a303b613a353a7b733a323a226964223b693a343b733a31303a22636f6e746163745f6964223b693a323b733a343a2274797065223b693a303b733a343a2264617461223b733a393a22393939393939393939223b733a363a22737461747573223b693a323b7d7d, 0x613a313a7b693a303b613a353a7b733a323a226964223b693a343b733a31303a22636f6e746163745f6964223b693a323b733a343a2274797065223b693a303b733a343a2264617461223b733a343a2234343434223b733a363a22737461747573223b693a323b7d7d, 1, '2017-08-22 19:37:04'),
(12, 'contact_data', 7, 0, 0x613a313a7b693a303b613a353a7b733a323a226964223b693a31393b733a31303a22636f6e746163745f6964223b693a373b733a343a2274797065223b693a303b733a343a2264617461223b733a363a22313131323232223b733a363a22737461747573223b693a323b7d7d, 0x613a313a7b693a303b613a353a7b733a323a226964223b693a31393b733a31303a22636f6e746163745f6964223b693a373b733a343a2274797065223b693a303b733a343a2264617461223b733a393a22393939393939393939223b733a363a22737461747573223b693a323b7d7d, 1, '2017-08-23 06:02:53'),
(13, 'contact_data', 11, 0, 0x613a313a7b693a303b613a353a7b733a323a226964223b693a33313b733a31303a22636f6e746163745f6964223b693a31313b733a343a2274797065223b693a303b733a343a2264617461223b733a393a22393939393939393939223b733a363a22737461747573223b693a313b7d7d, 0x613a313a7b693a303b613a353a7b733a323a226964223b693a33313b733a31303a22636f6e746163745f6964223b693a31313b733a343a2274797065223b693a303b733a343a2264617461223b733a333a22333333223b733a363a22737461747573223b693a313b7d7d, 1, '2017-08-24 05:42:04'),
(14, 'contact_data', 11, 0, 0x613a313a7b693a303b613a353a7b733a323a226964223b693a33313b733a31303a22636f6e746163745f6964223b693a31313b733a343a2274797065223b693a303b733a343a2264617461223b733a393a22393939393939393939223b733a363a22737461747573223b693a313b7d7d, 0x613a313a7b693a303b613a353a7b733a323a226964223b693a33313b733a31303a22636f6e746163745f6964223b693a31313b733a343a2274797065223b693a303b733a343a2264617461223b733a333a22333333223b733a363a22737461747573223b693a313b7d7d, 1, '2017-08-24 05:42:42'),
(15, 'contact_data', 11, 0, 0x613a313a7b693a303b613a353a7b733a323a226964223b693a33313b733a31303a22636f6e746163745f6964223b693a31313b733a343a2274797065223b693a303b733a343a2264617461223b733a393a22393939393939393939223b733a363a22737461747573223b693a313b7d7d, 0x613a313a7b693a303b613a353a7b733a323a226964223b693a33313b733a31303a22636f6e746163745f6964223b693a31313b733a343a2274797065223b693a303b733a343a2264617461223b733a333a22333333223b733a363a22737461747573223b693a313b7d7d, 1, '2017-08-24 05:43:29'),
(16, 'contact_data', 11, 0, 0x613a313a7b693a303b613a353a7b733a323a226964223b693a33313b733a31303a22636f6e746163745f6964223b693a31313b733a343a2274797065223b693a303b733a343a2264617461223b733a393a22393939393939393939223b733a363a22737461747573223b693a313b7d7d, 0x613a313a7b693a303b613a353a7b733a323a226964223b693a33313b733a31303a22636f6e746163745f6964223b693a31313b733a343a2274797065223b693a303b733a343a2264617461223b733a333a22333333223b733a363a22737461747573223b693a313b7d7d, 1, '2017-08-24 05:47:41'),
(17, 'contact_data', 11, 0, 0x613a313a7b693a303b613a353a7b733a323a226964223b693a33313b733a31303a22636f6e746163745f6964223b693a31313b733a343a2274797065223b693a303b733a343a2264617461223b733a393a22393939393939393939223b733a363a22737461747573223b693a313b7d7d, 0x613a313a7b693a303b613a353a7b733a323a226964223b693a33313b733a31303a22636f6e746163745f6964223b693a31313b733a343a2274797065223b693a303b733a343a2264617461223b733a333a22333333223b733a363a22737461747573223b693a313b7d7d, 1, '2017-08-24 05:47:43'),
(18, 'contact_data', 11, 0, 0x613a313a7b693a303b613a353a7b733a323a226964223b693a33313b733a31303a22636f6e746163745f6964223b693a31313b733a343a2274797065223b693a303b733a343a2264617461223b733a393a22393939393939393939223b733a363a22737461747573223b693a313b7d7d, 0x613a313a7b693a303b613a353a7b733a323a226964223b693a33313b733a31303a22636f6e746163745f6964223b693a31313b733a343a2274797065223b693a303b733a343a2264617461223b733a333a22333333223b733a363a22737461747573223b693a313b7d7d, 1, '2017-08-24 05:51:39'),
(19, 'contact_data', 11, 0, 0x613a313a7b693a303b613a353a7b733a323a226964223b693a33313b733a31303a22636f6e746163745f6964223b693a31313b733a343a2274797065223b693a303b733a343a2264617461223b733a393a22393939393939393939223b733a363a22737461747573223b693a313b7d7d, 0x613a313a7b693a303b613a353a7b733a323a226964223b693a33313b733a31303a22636f6e746163745f6964223b693a31313b733a343a2274797065223b693a303b733a343a2264617461223b733a333a22333333223b733a363a22737461747573223b693a313b7d7d, 1, '2017-08-24 05:53:35'),
(20, 'contact_data', 11, 0, 0x613a313a7b693a303b613a353a7b733a323a226964223b693a33313b733a31303a22636f6e746163745f6964223b693a31313b733a343a2274797065223b693a303b733a343a2264617461223b733a393a22393939393939393939223b733a363a22737461747573223b693a313b7d7d, 0x613a313a7b693a303b613a353a7b733a323a226964223b693a33313b733a31303a22636f6e746163745f6964223b693a31313b733a343a2274797065223b693a303b733a343a2264617461223b733a333a22333333223b733a363a22737461747573223b693a313b7d7d, 1, '2017-08-24 05:54:49'),
(21, 'contact_data', 5, 0, 0x613a313a7b693a303b613a353a7b733a323a226964223b693a31333b733a31303a22636f6e746163745f6964223b693a353b733a343a2274797065223b693a303b733a343a2264617461223b733a31303a2235313635343834313131223b733a363a22737461747573223b693a323b7d7d, '', 1, '2017-08-24 06:03:35'),
(22, 'contact_data', 5, 0, 0x613a313a7b693a303b613a353a7b733a323a226964223b693a31333b733a31303a22636f6e746163745f6964223b693a353b733a343a2274797065223b693a303b733a343a2264617461223b733a31303a2235313635343834313131223b733a363a22737461747573223b693a323b7d7d, '', 1, '2017-08-24 06:04:52'),
(23, 'contact_data', 5, 0, 0x613a313a7b693a303b613a353a7b733a323a226964223b693a31333b733a31303a22636f6e746163745f6964223b693a353b733a343a2274797065223b693a303b733a343a2264617461223b733a31303a2235313635343834313131223b733a363a22737461747573223b693a323b7d7d, '', 1, '2017-08-24 06:06:11'),
(24, 'contact_data', 5, 0, 0x613a313a7b693a303b613a353a7b733a323a226964223b693a31333b733a31303a22636f6e746163745f6964223b693a353b733a343a2274797065223b693a303b733a343a2264617461223b733a31303a2235313635343834313131223b733a363a22737461747573223b693a323b7d7d, '', 1, '2017-08-24 06:06:13'),
(25, 'contact_data', 5, 0, 0x613a313a7b693a303b613a353a7b733a323a226964223b693a31333b733a31303a22636f6e746163745f6964223b693a353b733a343a2274797065223b693a303b733a343a2264617461223b733a31303a2235313635343834313131223b733a363a22737461747573223b693a323b7d7d, '', 1, '2017-08-24 06:06:25'),
(26, 'contact_data', 5, 0, 0x613a313a7b693a303b613a353a7b733a323a226964223b693a31333b733a31303a22636f6e746163745f6964223b693a353b733a343a2274797065223b693a303b733a343a2264617461223b733a31303a2235313635343834313131223b733a363a22737461747573223b693a323b7d7d, '', 1, '2017-08-24 06:10:38'),
(27, 'contact_data', 21, 0, 0x613a313a7b693a303b613a353a7b733a323a226964223b693a36313b733a31303a22636f6e746163745f6964223b693a32313b733a343a2274797065223b693a303b733a343a2264617461223b733a333a22333333223b733a363a22737461747573223b693a333b7d7d, '', 1, '2017-08-24 06:14:20'),
(28, 'contact_data', 21, 0, 0x613a313a7b693a303b613a353a7b733a323a226964223b693a36313b733a31303a22636f6e746163745f6964223b693a32313b733a343a2274797065223b693a303b733a343a2264617461223b733a333a22333333223b733a363a22737461747573223b693a333b7d7d, '', 1, '2017-08-24 06:18:10'),
(29, 'contact_data', 21, 0, 0x613a313a7b693a303b613a353a7b733a323a226964223b693a36313b733a31303a22636f6e746163745f6964223b693a32313b733a343a2274797065223b693a303b733a343a2264617461223b733a333a22333333223b733a363a22737461747573223b693a333b7d7d, '', 1, '2017-08-24 06:18:45'),
(30, 'contact_data', 21, 0, 0x613a313a7b693a303b613a353a7b733a323a226964223b693a36313b733a31303a22636f6e746163745f6964223b693a32313b733a343a2274797065223b693a303b733a343a2264617461223b733a333a22333333223b733a363a22737461747573223b693a333b7d7d, '', 1, '2017-08-24 06:37:21'),
(31, 'contact_data', 21, 0, 0x613a313a7b693a303b613a353a7b733a323a226964223b693a36313b733a31303a22636f6e746163745f6964223b693a32313b733a343a2274797065223b693a303b733a343a2264617461223b733a333a22333333223b733a363a22737461747573223b693a333b7d7d, '', 1, '2017-08-24 06:39:26'),
(32, 'contact_data', 5, 0, 0x613a313a7b693a303b613a353a7b733a323a226964223b693a31333b733a31303a22636f6e746163745f6964223b693a353b733a343a2274797065223b693a303b733a343a2264617461223b733a31303a2235313635343834313131223b733a363a22737461747573223b693a323b7d7d, '', 1, '2017-08-24 06:45:46'),
(33, 'contact_data', 21, 0, 0x613a313a7b693a303b613a353a7b733a323a226964223b693a36313b733a31303a22636f6e746163745f6964223b693a32313b733a343a2274797065223b693a303b733a343a2264617461223b733a333a22333333223b733a363a22737461747573223b693a333b7d7d, '', 1, '2017-08-24 07:08:41'),
(34, 'contact_data', 21, 0, 0x613a313a7b693a303b613a353a7b733a323a226964223b693a36313b733a31303a22636f6e746163745f6964223b693a32313b733a343a2274797065223b693a303b733a343a2264617461223b733a333a22333333223b733a363a22737461747573223b693a333b7d7d, '', 1, '2017-08-24 07:10:10'),
(35, 'contact_data', 2, 0, 0x613a313a7b693a303b613a353a7b733a323a226964223b693a343b733a31303a22636f6e746163745f6964223b693a323b733a343a2274797065223b693a303b733a343a2264617461223b733a363a22333333393939223b733a363a22737461747573223b693a323b7d7d, 0x613a313a7b693a303b613a353a7b733a323a226964223b693a343b733a31303a22636f6e746163745f6964223b693a323b733a343a2274797065223b693a303b733a343a2264617461223b733a343a2234343434223b733a363a22737461747573223b693a323b7d7d, 1, '2017-08-24 07:13:53'),
(36, 'contact_data', 14, 0, 0x613a313a7b693a303b613a353a7b733a323a226964223b693a34303b733a31303a22636f6e746163745f6964223b693a31343b733a343a2274797065223b693a303b733a343a2264617461223b733a343a2233343635223b733a363a22737461747573223b693a333b7d7d, '', 1, '2017-08-24 07:15:24'),
(37, 'contact_data', 14, 0, 0x613a313a7b693a303b613a353a7b733a323a226964223b693a34303b733a31303a22636f6e746163745f6964223b693a31343b733a343a2274797065223b693a303b733a343a2264617461223b733a343a2233343635223b733a363a22737461747573223b693a333b7d7d, '', 1, '2017-08-24 07:16:56'),
(38, 'contact_data', 14, 0, 0x613a313a7b693a303b613a353a7b733a323a226964223b693a34303b733a31303a22636f6e746163745f6964223b693a31343b733a343a2274797065223b693a303b733a343a2264617461223b733a343a2233343635223b733a363a22737461747573223b693a333b7d7d, '', 1, '2017-08-24 07:17:16'),
(39, 'contact_data', 14, 0, 0x613a313a7b693a303b613a353a7b733a323a226964223b693a34303b733a31303a22636f6e746163745f6964223b693a31343b733a343a2274797065223b693a303b733a343a2264617461223b733a343a2233343635223b733a363a22737461747573223b693a333b7d7d, '', 1, '2017-08-24 07:17:34'),
(40, 'contact_data', 14, 0, 0x613a313a7b693a303b613a353a7b733a323a226964223b693a34303b733a31303a22636f6e746163745f6964223b693a31343b733a343a2274797065223b693a303b733a343a2264617461223b733a343a2233343635223b733a363a22737461747573223b693a333b7d7d, '', 1, '2017-08-24 07:19:55'),
(41, 'contact_data', 14, 0, 0x613a313a7b693a303b613a353a7b733a323a226964223b693a34303b733a31303a22636f6e746163745f6964223b693a31343b733a343a2274797065223b693a303b733a343a2264617461223b733a343a2233343635223b733a363a22737461747573223b693a333b7d7d, '', 1, '2017-08-24 07:20:32'),
(42, 'contact_data', 14, 0, 0x613a313a7b693a303b613a353a7b733a323a226964223b693a34303b733a31303a22636f6e746163745f6964223b693a31343b733a343a2274797065223b693a303b733a343a2264617461223b733a343a2233343635223b733a363a22737461747573223b693a333b7d7d, '', 1, '2017-08-24 07:21:13'),
(43, 'contact_data', 14, 0, 0x613a313a7b693a303b613a353a7b733a323a226964223b693a34303b733a31303a22636f6e746163745f6964223b693a31343b733a343a2274797065223b693a303b733a343a2264617461223b733a343a2233343635223b733a363a22737461747573223b693a333b7d7d, '', 1, '2017-08-24 07:22:17'),
(44, 'contact_data', 14, 0, 0x613a313a7b693a303b613a353a7b733a323a226964223b693a34303b733a31303a22636f6e746163745f6964223b693a31343b733a343a2274797065223b693a303b733a343a2264617461223b733a343a2233343635223b733a363a22737461747573223b693a333b7d7d, '', 1, '2017-08-24 07:27:12'),
(45, 'contact_data', 14, 0, 0x613a313a7b693a303b613a353a7b733a323a226964223b693a34303b733a31303a22636f6e746163745f6964223b693a31343b733a343a2274797065223b693a303b733a343a2264617461223b733a343a2233343635223b733a363a22737461747573223b693a333b7d7d, '', 1, '2017-08-24 07:28:37'),
(46, 'contact_data', 25, 0, 0x613a313a7b693a303b613a353a7b733a323a226964223b693a37333b733a31303a22636f6e746163745f6964223b693a32353b733a343a2274797065223b693a303b733a343a2264617461223b733a373a2235343536343839223b733a363a22737461747573223b693a333b7d7d, 0x613a313a7b693a303b613a353a7b733a323a226964223b693a37333b733a31303a22636f6e746163745f6964223b693a32353b733a343a2274797065223b693a303b733a343a2264617461223b733a343a2234343434223b733a363a22737461747573223b693a333b7d7d, 1, '2017-08-24 07:34:49'),
(47, 'contact_data', 25, 0, 0x613a313a7b693a303b613a353a7b733a323a226964223b693a37333b733a31303a22636f6e746163745f6964223b693a32353b733a343a2274797065223b693a303b733a343a2264617461223b733a373a2235343536343839223b733a363a22737461747573223b693a333b7d7d, 0x613a313a7b693a303b613a353a7b733a323a226964223b693a37333b733a31303a22636f6e746163745f6964223b693a32353b733a343a2274797065223b693a303b733a343a2264617461223b733a343a2234343434223b733a363a22737461747573223b693a333b7d7d, 1, '2017-08-24 07:36:04'),
(48, 'contact_data', 25, 0, 0x613a313a7b693a303b613a353a7b733a323a226964223b693a37333b733a31303a22636f6e746163745f6964223b693a32353b733a343a2274797065223b693a303b733a343a2264617461223b733a373a2235343536343839223b733a363a22737461747573223b693a333b7d7d, 0x613a313a7b693a303b613a353a7b733a323a226964223b693a37333b733a31303a22636f6e746163745f6964223b693a32353b733a343a2274797065223b693a303b733a343a2264617461223b733a343a2234343434223b733a363a22737461747573223b693a333b7d7d, 1, '2017-08-24 07:36:44'),
(49, 'contact_data', 25, 0, 0x613a313a7b693a303b613a353a7b733a323a226964223b693a37333b733a31303a22636f6e746163745f6964223b693a32353b733a343a2274797065223b693a303b733a343a2264617461223b733a373a2235343536343839223b733a363a22737461747573223b693a333b7d7d, 0x613a313a7b693a303b613a353a7b733a323a226964223b693a37333b733a31303a22636f6e746163745f6964223b693a32353b733a343a2274797065223b693a303b733a343a2264617461223b733a343a2234343434223b733a363a22737461747573223b693a333b7d7d, 1, '2017-08-24 07:37:44'),
(50, 'contact_data', 25, 0, 0x613a313a7b693a303b613a353a7b733a323a226964223b693a37333b733a31303a22636f6e746163745f6964223b693a32353b733a343a2274797065223b693a303b733a343a2264617461223b733a373a2235343536343839223b733a363a22737461747573223b693a333b7d7d, 0x613a313a7b693a303b613a353a7b733a323a226964223b693a37333b733a31303a22636f6e746163745f6964223b693a32353b733a343a2274797065223b693a303b733a343a2264617461223b733a343a2234343434223b733a363a22737461747573223b693a333b7d7d, 1, '2017-08-24 07:38:14'),
(51, 'contact_data', 25, 0, 0x613a313a7b693a303b613a353a7b733a323a226964223b693a37333b733a31303a22636f6e746163745f6964223b693a32353b733a343a2274797065223b693a303b733a343a2264617461223b733a373a2235343536343839223b733a363a22737461747573223b693a333b7d7d, 0x613a313a7b693a303b613a353a7b733a323a226964223b693a37333b733a31303a22636f6e746163745f6964223b693a32353b733a343a2274797065223b693a303b733a343a2264617461223b733a343a2234343434223b733a363a22737461747573223b693a333b7d7d, 1, '2017-08-24 07:41:51'),
(52, 'contact_data', 25, 0, 0x613a313a7b693a303b613a353a7b733a323a226964223b693a37333b733a31303a22636f6e746163745f6964223b693a32353b733a343a2274797065223b693a303b733a343a2264617461223b733a373a2235343536343839223b733a363a22737461747573223b693a333b7d7d, 0x613a313a7b693a303b613a353a7b733a323a226964223b693a37333b733a31303a22636f6e746163745f6964223b693a32353b733a343a2274797065223b693a303b733a343a2264617461223b733a343a2234343434223b733a363a22737461747573223b693a333b7d7d, 1, '2017-08-24 07:42:12'),
(53, 'contact_data', 25, 0, 0x613a313a7b693a303b613a353a7b733a323a226964223b693a37333b733a31303a22636f6e746163745f6964223b693a32353b733a343a2274797065223b693a303b733a343a2264617461223b733a373a2235343536343839223b733a363a22737461747573223b693a333b7d7d, 0x613a313a7b693a303b613a353a7b733a323a226964223b693a37333b733a31303a22636f6e746163745f6964223b693a32353b733a343a2274797065223b693a303b733a343a2264617461223b733a343a2234343434223b733a363a22737461747573223b693a333b7d7d, 1, '2017-08-24 07:42:46'),
(54, 'contact_data', 25, 0, 0x613a313a7b693a303b613a353a7b733a323a226964223b693a37333b733a31303a22636f6e746163745f6964223b693a32353b733a343a2274797065223b693a303b733a343a2264617461223b733a373a2235343536343839223b733a363a22737461747573223b693a333b7d7d, 0x613a313a7b693a303b613a353a7b733a323a226964223b693a37333b733a31303a22636f6e746163745f6964223b693a32353b733a343a2274797065223b693a303b733a343a2264617461223b733a343a2234343434223b733a363a22737461747573223b693a333b7d7d, 1, '2017-08-24 07:43:21'),
(55, 'contact_data', 25, 0, 0x613a313a7b693a303b613a353a7b733a323a226964223b693a37333b733a31303a22636f6e746163745f6964223b693a32353b733a343a2274797065223b693a303b733a343a2264617461223b733a373a2235343536343839223b733a363a22737461747573223b693a333b7d7d, 0x613a313a7b693a303b613a353a7b733a323a226964223b693a37333b733a31303a22636f6e746163745f6964223b693a32353b733a343a2274797065223b693a303b733a343a2264617461223b733a343a2234343434223b733a363a22737461747573223b693a333b7d7d, 1, '2017-08-24 07:44:24'),
(56, 'contact_data', 25, 0, 0x613a313a7b693a303b613a353a7b733a323a226964223b693a37333b733a31303a22636f6e746163745f6964223b693a32353b733a343a2274797065223b693a303b733a343a2264617461223b733a373a2235343536343839223b733a363a22737461747573223b693a333b7d7d, 0x613a313a7b693a303b613a353a7b733a323a226964223b693a37333b733a31303a22636f6e746163745f6964223b693a32353b733a343a2274797065223b693a303b733a343a2264617461223b733a343a2234343434223b733a363a22737461747573223b693a333b7d7d, 1, '2017-08-24 07:45:54'),
(57, 'contact_data', 25, 0, 0x613a313a7b693a303b613a353a7b733a323a226964223b693a37333b733a31303a22636f6e746163745f6964223b693a32353b733a343a2274797065223b693a303b733a343a2264617461223b733a373a2235343536343839223b733a363a22737461747573223b693a333b7d7d, 0x613a313a7b693a303b613a353a7b733a323a226964223b693a37333b733a31303a22636f6e746163745f6964223b693a32353b733a343a2274797065223b693a303b733a343a2264617461223b733a343a2234343434223b733a363a22737461747573223b693a333b7d7d, 1, '2017-08-24 07:47:03'),
(58, 'contact_data', 25, 0, 0x613a313a7b693a303b613a353a7b733a323a226964223b693a37333b733a31303a22636f6e746163745f6964223b693a32353b733a343a2274797065223b693a303b733a343a2264617461223b733a333a22353535223b733a363a22737461747573223b693a333b7d7d, 0x613a313a7b693a303b613a353a7b733a323a226964223b693a37333b733a31303a22636f6e746163745f6964223b693a32353b733a343a2274797065223b693a303b733a343a2264617461223b733a343a2234343434223b733a363a22737461747573223b693a333b7d7d, 1, '2017-08-24 07:47:17'),
(59, 'contact_data', 11, 0, 0x613a313a7b693a303b613a353a7b733a323a226964223b693a33313b733a31303a22636f6e746163745f6964223b693a31313b733a343a2274797065223b693a303b733a343a2264617461223b733a393a22393939393939393939223b733a363a22737461747573223b693a313b7d7d, 0x613a313a7b693a303b613a353a7b733a323a226964223b693a33313b733a31303a22636f6e746163745f6964223b693a31313b733a343a2274797065223b693a303b733a343a2264617461223b733a333a22333333223b733a363a22737461747573223b693a313b7d7d, 1, '2017-08-24 07:48:40'),
(60, 'contact_data', 18, 0, 0x613a313a7b693a303b613a353a7b733a323a226964223b693a35323b733a31303a22636f6e746163745f6964223b693a31383b733a343a2274797065223b693a303b733a343a2264617461223b733a373a2235313534383438223b733a363a22737461747573223b693a333b7d7d, 0x613a313a7b693a303b613a353a7b733a323a226964223b693a35323b733a31303a22636f6e746163745f6964223b693a31383b733a343a2274797065223b693a303b733a343a2264617461223b733a343a2234343434223b733a363a22737461747573223b693a333b7d7d, 1, '2017-08-24 07:52:22'),
(61, 'contact_data', 18, 0, 0x613a313a7b693a303b613a353a7b733a323a226964223b693a35323b733a31303a22636f6e746163745f6964223b693a31383b733a343a2274797065223b693a303b733a343a2264617461223b733a343a2234343434223b733a363a22737461747573223b693a333b7d7d, 0x613a313a7b693a303b613a353a7b733a323a226964223b693a35323b733a31303a22636f6e746163745f6964223b693a31383b733a343a2274797065223b693a303b733a343a2264617461223b733a303a22223b733a363a22737461747573223b693a333b7d7d, 1, '2017-08-24 07:52:35'),
(62, 'contact_data', 18, 0, 0x613a313a7b693a303b613a353a7b733a323a226964223b693a35323b733a31303a22636f6e746163745f6964223b693a31383b733a343a2274797065223b693a303b733a343a2264617461223b733a303a22223b733a363a22737461747573223b693a333b7d7d, 0x613a313a7b693a303b613a353a7b733a323a226964223b693a35323b733a31303a22636f6e746163745f6964223b693a31383b733a343a2274797065223b693a303b733a343a2264617461223b733a343a2234343434223b733a363a22737461747573223b693a333b7d7d, 1, '2017-08-24 07:54:05'),
(63, 'contact_data', 18, 1, 0x613a313a7b693a303b613a353a7b733a323a226964223b693a35333b733a31303a22636f6e746163745f6964223b693a31383b733a343a2274797065223b693a313b733a343a2264617461223b733a31343a227a61726b6f406c6175732e636f6d223b733a363a22737461747573223b693a333b7d7d, 0x613a313a7b693a303b613a353a7b733a323a226964223b693a35333b733a31303a22636f6e746163745f6964223b693a31383b733a343a2274797065223b693a313b733a343a2264617461223b733a31313a227a7a7a406666662e636f6d223b733a363a22737461747573223b693a333b7d7d, 1, '2017-08-24 07:54:21'),
(64, 'contact_data', 18, 1, 0x613a313a7b693a303b613a353a7b733a323a226964223b693a35333b733a31303a22636f6e746163745f6964223b693a31383b733a343a2274797065223b693a313b733a343a2264617461223b733a31313a227a7a7a406666662e636f6d223b733a363a22737461747573223b693a333b7d7d, 0x613a313a7b693a303b613a353a7b733a323a226964223b693a35333b733a31303a22636f6e746163745f6964223b693a31383b733a343a2274797065223b693a313b733a343a2264617461223b733a31313a227a7a7a406666662e636f6d223b733a363a22737461747573223b693a333b7d7d, 1, '2017-08-24 07:54:21'),
(65, 'contact_data', 18, 2, 0x613a313a7b693a303b613a353a7b733a323a226964223b693a35343b733a31303a22636f6e746163745f6964223b693a31383b733a343a2274797065223b693a323b733a343a2264617461223b733a31323a224e696a6520506f7a6e61746f223b733a363a22737461747573223b693a333b7d7d, 0x613a313a7b693a303b613a353a7b733a323a226964223b693a35343b733a31303a22636f6e746163745f6964223b693a31383b733a343a2274797065223b693a323b733a343a2264617461223b733a393a226e65706f7a6e617461223b733a363a22737461747573223b693a333b7d7d, 1, '2017-08-24 07:54:33'),
(66, 'contact_data', 18, 1, 0x613a313a7b693a303b613a353a7b733a323a226964223b693a35333b733a31303a22636f6e746163745f6964223b693a31383b733a343a2274797065223b693a313b733a343a2264617461223b733a31313a227a7a7a406666662e636f6d223b733a363a22737461747573223b693a333b7d7d, 0x613a313a7b693a303b613a353a7b733a323a226964223b693a35333b733a31303a22636f6e746163745f6964223b693a31383b733a343a2274797065223b693a313b733a343a2264617461223b733a31343a227a61726b6f406c6175732e636f6d223b733a363a22737461747573223b693a333b7d7d, 1, '2017-08-24 07:54:41'),
(67, 'contact_data', 18, 0, 0x613a313a7b693a303b613a353a7b733a323a226964223b693a35323b733a31303a22636f6e746163745f6964223b693a31383b733a343a2274797065223b693a303b733a343a2264617461223b733a343a2234343434223b733a363a22737461747573223b693a333b7d7d, 0x613a313a7b693a303b613a353a7b733a323a226964223b693a35323b733a31303a22636f6e746163745f6964223b693a31383b733a343a2274797065223b693a303b733a343a2264617461223b733a353a223838383838223b733a363a22737461747573223b693a333b7d7d, 1, '2017-08-24 07:54:48'),
(68, 'contact_data', 18, 2, 0x613a313a7b693a303b613a353a7b733a323a226964223b693a35343b733a31303a22636f6e746163745f6964223b693a31383b733a343a2274797065223b693a323b733a343a2264617461223b733a393a226e65706f7a6e617461223b733a363a22737461747573223b693a333b7d7d, 0x613a313a7b693a303b613a353a7b733a323a226964223b693a35343b733a31303a22636f6e746163745f6964223b693a31383b733a343a2274797065223b693a323b733a343a2264617461223b733a31343a226e656764652074616d6f20313233223b733a363a22737461747573223b693a333b7d7d, 1, '2017-08-24 07:54:57'),
(69, 'contact_data', 16, 0, 0x613a313a7b693a303b613a353a7b733a323a226964223b693a34363b733a31303a22636f6e746163745f6964223b693a31363b733a343a2274797065223b693a303b733a343a2264617461223b733a393a22393939393939393939223b733a363a22737461747573223b693a333b7d7d, '', 1, '2017-08-24 08:05:55'),
(70, 'contact_data', 16, 0, 0x613a313a7b693a303b613a353a7b733a323a226964223b693a34363b733a31303a22636f6e746163745f6964223b693a31363b733a343a2274797065223b693a303b733a343a2264617461223b733a393a22393939393939393939223b733a363a22737461747573223b693a333b7d7d, '', 1, '2017-08-24 08:06:25'),
(71, 'contact_data', 16, 0, 0x613a313a7b693a303b613a353a7b733a323a226964223b693a34363b733a31303a22636f6e746163745f6964223b693a31363b733a343a2274797065223b693a303b733a343a2264617461223b733a393a22393939393939393939223b733a363a22737461747573223b693a333b7d7d, 0x613a313a7b693a303b613a353a7b733a323a226964223b693a34363b733a31303a22636f6e746163745f6964223b693a31363b733a343a2274797065223b693a303b733a343a2264617461223b733a343a2234343434223b733a363a22737461747573223b693a333b7d7d, 1, '2017-08-24 08:07:43'),
(72, 'contact_data', 16, 0, 0x613a313a7b693a303b613a353a7b733a323a226964223b693a34363b733a31303a22636f6e746163745f6964223b693a31363b733a343a2274797065223b693a303b733a343a2264617461223b733a343a2234343434223b733a363a22737461747573223b693a333b7d7d, 0x613a313a7b693a303b613a353a7b733a323a226964223b693a34363b733a31303a22636f6e746163745f6964223b693a31363b733a343a2274797065223b693a303b733a343a2264617461223b733a343a2237373737223b733a363a22737461747573223b693a333b7d7d, 1, '2017-08-24 08:07:49'),
(73, 'contact_data', 16, 0, 0x613a313a7b693a303b613a353a7b733a323a226964223b693a34363b733a31303a22636f6e746163745f6964223b693a31363b733a343a2274797065223b693a303b733a343a2264617461223b733a343a2237373737223b733a363a22737461747573223b693a333b7d7d, 0x613a313a7b693a303b613a353a7b733a323a226964223b693a34363b733a31303a22636f6e746163745f6964223b693a31363b733a343a2274797065223b693a303b733a343a2264617461223b733a303a22223b733a363a22737461747573223b693a333b7d7d, 1, '2017-08-24 08:09:24'),
(74, 'contact_data', 16, 0, 0x613a313a7b693a303b613a353a7b733a323a226964223b693a34363b733a31303a22636f6e746163745f6964223b693a31363b733a343a2274797065223b693a303b733a343a2264617461223b733a303a22223b733a363a22737461747573223b693a333b7d7d, 0x613a313a7b693a303b613a353a7b733a323a226964223b693a34363b733a31303a22636f6e746163745f6964223b693a31363b733a343a2274797065223b693a303b733a343a2264617461223b733a343a2234343434223b733a363a22737461747573223b693a333b7d7d, 1, '2017-08-24 08:09:35'),
(75, 'contact_data', 16, 0, 0x613a313a7b693a303b613a353a7b733a323a226964223b693a34363b733a31303a22636f6e746163745f6964223b693a31363b733a343a2274797065223b693a303b733a343a2264617461223b733a343a2234343434223b733a363a22737461747573223b693a333b7d7d, 0x613a313a7b693a303b613a353a7b733a323a226964223b693a34363b733a31303a22636f6e746163745f6964223b693a31363b733a343a2274797065223b693a303b733a343a2264617461223b733a303a22223b733a363a22737461747573223b693a333b7d7d, 1, '2017-08-24 08:09:41'),
(76, 'contact_data', 16, 0, 0x613a313a7b693a303b613a353a7b733a323a226964223b693a34363b733a31303a22636f6e746163745f6964223b693a31363b733a343a2274797065223b693a303b733a343a2264617461223b733a303a22223b733a363a22737461747573223b693a333b7d7d, 0x613a313a7b693a303b613a353a7b733a323a226964223b693a34363b733a31303a22636f6e746163745f6964223b693a31363b733a343a2274797065223b693a303b733a343a2264617461223b733a343a2234343434223b733a363a22737461747573223b693a333b7d7d, 1, '2017-08-24 08:09:51'),
(77, 'contact_data', 16, 1, 0x613a313a7b693a303b613a353a7b733a323a226964223b693a34373b733a31303a22636f6e746163745f6964223b693a31363b733a343a2274797065223b693a313b733a343a2264617461223b733a32363a2263756d616a65646564656375406f63652e6d616c6f7375747261223b733a363a22737461747573223b693a333b7d7d, 0x613a313a7b693a303b613a353a7b733a323a226964223b693a34373b733a31303a22636f6e746163745f6964223b693a31363b733a343a2274797065223b693a313b733a343a2264617461223b733a31333a2263756b69406d756b692e636f6d223b733a363a22737461747573223b693a333b7d7d, 1, '2017-08-24 08:09:58'),
(78, 'contact_data', 16, 0, 0x613a313a7b693a303b613a353a7b733a323a226964223b693a34363b733a31303a22636f6e746163745f6964223b693a31363b733a343a2274797065223b693a303b733a343a2264617461223b733a343a2234343434223b733a363a22737461747573223b693a333b7d7d, 0x613a313a7b693a303b613a353a7b733a323a226964223b693a34363b733a31303a22636f6e746163745f6964223b693a31363b733a343a2274797065223b693a303b733a343a2264617461223b733a303a22223b733a363a22737461747573223b693a333b7d7d, 1, '2017-08-24 08:10:06'),
(79, 'contact_data', 16, 0, 0x613a313a7b693a303b613a353a7b733a323a226964223b693a34363b733a31303a22636f6e746163745f6964223b693a31363b733a343a2274797065223b693a303b733a343a2264617461223b733a303a22223b733a363a22737461747573223b693a333b7d7d, 0x613a313a7b693a303b613a353a7b733a323a226964223b693a34363b733a31303a22636f6e746163745f6964223b693a31363b733a343a2274797065223b693a303b733a343a2264617461223b733a353a223434343434223b733a363a22737461747573223b693a333b7d7d, 1, '2017-08-24 08:10:12'),
(80, 'contact_data', 16, 2, 0x613a313a7b693a303b613a353a7b733a323a226964223b693a34383b733a31303a22636f6e746163745f6964223b693a31363b733a343a2274797065223b693a323b733a343a2264617461223b733a31383a2243756d696365766f20536f6b616365204262223b733a363a22737461747573223b693a333b7d7d, 0x613a313a7b693a303b613a353a7b733a323a226964223b693a34383b733a31303a22636f6e746163745f6964223b693a31363b733a343a2274797065223b693a323b733a343a2264617461223b733a32343a22637562757261203132362031313030302062656f67726164223b733a363a22737461747573223b693a333b7d7d, 1, '2017-08-24 08:10:18'),
(81, 'contact_data', 16, 2, 0x613a313a7b693a303b613a353a7b733a323a226964223b693a34383b733a31303a22636f6e746163745f6964223b693a31363b733a343a2274797065223b693a323b733a343a2264617461223b733a32343a22637562757261203132362031313030302062656f67726164223b733a363a22737461747573223b693a333b7d7d, 0x613a313a7b693a303b613a353a7b733a323a226964223b693a34383b733a31303a22636f6e746163745f6964223b693a31363b733a343a2274797065223b693a323b733a343a2264617461223b733a31393a2263756d696365766f20736f6b61636520343533223b733a363a22737461747573223b693a333b7d7d, 1, '2017-08-24 08:10:31'),
(82, 'contact_data', 9, 0, 0x613a313a7b693a303b613a353a7b733a323a226964223b693a32353b733a31303a22636f6e746163745f6964223b693a393b733a343a2274797065223b693a303b733a343a2264617461223b733a363a22373839393939223b733a363a22737461747573223b693a323b7d7d, 0x613a313a7b693a303b613a353a7b733a323a226964223b693a32353b733a31303a22636f6e746163745f6964223b693a393b733a343a2274797065223b693a303b733a343a2264617461223b733a333a22333333223b733a363a22737461747573223b693a323b7d7d, 1, '2017-08-24 08:12:01'),
(83, 'contact_data', 9, 1, 0x613a313a7b693a303b613a353a7b733a323a226964223b693a32363b733a31303a22636f6e746163745f6964223b693a393b733a343a2274797065223b693a313b733a343a2264617461223b733a31383a22626174614073746f6a6b6f7669632e636f6d223b733a363a22737461747573223b693a323b7d7d, 0x613a313a7b693a303b613a353a7b733a323a226964223b693a32363b733a31303a22636f6e746163745f6964223b693a393b733a343a2274797065223b693a313b733a343a2264617461223b733a31363a22627562756c656140626174612e636f6d223b733a363a22737461747573223b693a323b7d7d, 1, '2017-08-24 08:12:15'),
(84, 'contact_data', 9, 2, 0x613a313a7b693a303b613a353a7b733a323a226964223b693a32373b733a31303a22636f6e746163745f6964223b693a393b733a343a2274797065223b693a323b733a343a2264617461223b733a31313a223031312042656f67726164223b733a363a22737461747573223b693a323b7d7d, 0x613a313a7b693a303b613a353a7b733a323a226964223b693a35353b733a31303a22636f6e746163745f6964223b693a31393b733a343a2274797065223b693a303b733a343a2264617461223b733a363a22313131313131223b733a363a22737461747573223b693a333b7d7d, 1, '2017-08-24 08:12:22'),
(94, 'contact_data', 1, 0, 0x613a313a7b693a303b613a353a7b733a323a226964223b693a313b733a31303a22636f6e746163745f6964223b693a313b733a343a2274797065223b693a303b733a343a2264617461223b733a333a22393939223b733a363a22737461747573223b693a323b7d7d, 0x613a313a7b693a303b613a353a7b733a323a226964223b693a313b733a31303a22636f6e746163745f6964223b693a313b733a343a2274797065223b693a303b733a343a2264617461223b733a333a22353535223b733a363a22737461747573223b693a323b7d7d, 1, '2017-08-24 09:02:14'),
(95, 'contact_data', 1, 1, 0x613a313a7b693a303b613a353a7b733a323a226964223b693a323b733a31303a22636f6e746163745f6964223b693a313b733a343a2274797065223b693a313b733a343a2264617461223b733a31333a2263756b69406d756b692e636f6d223b733a363a22737461747573223b693a323b7d7d, 0x613a313a7b693a303b613a353a7b733a323a226964223b693a323b733a31303a22636f6e746163745f6964223b693a313b733a343a2274797065223b693a313b733a343a2264617461223b733a31323a227a6f6b69406962692e636f6d223b733a363a22737461747573223b693a323b7d7d, 1, '2017-08-24 09:02:28'),
(96, 'contact_data', 1, 2, 0x613a313a7b693a303b613a353a7b733a323a226964223b693a333b733a31303a22636f6e746163745f6964223b693a313b733a343a2274797065223b693a323b733a343a2264617461223b733a31363a224e6567646520552042656f6772616475223b733a363a22737461747573223b693a323b7d7d, 0x613a313a7b693a303b613a353a7b733a323a226964223b693a333b733a31303a22636f6e746163745f6964223b693a313b733a343a2274797065223b693a323b733a343a2264617461223b733a32343a22437562757261203132362031313030302042656f67726164223b733a363a22737461747573223b693a323b7d7d, 1, '2017-08-24 09:02:34'),
(97, 'contact_data', 11, 0, 0x613a313a7b693a303b613a353a7b733a323a226964223b693a33313b733a31303a22636f6e746163745f6964223b693a31313b733a343a2274797065223b693a303b733a343a2264617461223b733a343a2234343434223b733a363a22737461747573223b693a313b7d7d, 0x613a313a7b693a303b613a353a7b733a323a226964223b693a33313b733a31303a22636f6e746163745f6964223b693a31313b733a343a2274797065223b693a303b733a343a2264617461223b733a333a22333333223b733a363a22737461747573223b693a313b7d7d, 1, '2017-08-24 14:22:13'),
(98, 'contact_data', 11, 1, 0x613a313a7b693a303b613a353a7b733a323a226964223b693a33323b733a31303a22636f6e746163745f6964223b693a31313b733a343a2274797065223b693a313b733a343a2264617461223b733a31343a22706163696e6f403939392e6e6574223b733a363a22737461747573223b693a313b7d7d, 0x613a313a7b693a303b613a353a7b733a323a226964223b693a33323b733a31303a22636f6e746163745f6964223b693a31313b733a343a2274797065223b693a313b733a343a2264617461223b733a31333a2270616b694070616b692e6b6f6d223b733a363a22737461747573223b693a313b7d7d, 1, '2017-08-24 14:22:24'),
(99, 'contact_data', 11, 2, 0x613a313a7b693a303b613a353a7b733a323a226964223b693a33333b733a31303a22636f6e746163745f6964223b693a31313b733a343a2274797065223b693a323b733a343a2264617461223b733a31383a22486f6c69767564736b6120313662204c2041223b733a363a22737461747573223b693a313b7d7d, 0x613a313a7b693a303b613a353a7b733a323a226964223b693a33333b733a31303a22636f6e746163745f6964223b693a31313b733a343a2274797065223b693a323b733a343a2264617461223b733a31353a22486f6c69776f6f6f6f6f6420313131223b733a363a22737461747573223b693a313b7d7d, 1, '2017-08-24 14:22:29'),
(100, 'contact_data', 11, 2, 0x613a313a7b693a303b613a353a7b733a323a226964223b693a33333b733a31303a22636f6e746163745f6964223b693a31313b733a343a2274797065223b693a323b733a343a2264617461223b733a31313a2242656f6772616420303131223b733a363a22737461747573223b693a313b7d7d, 0x613a313a7b693a303b613a353a7b733a323a226964223b693a33333b733a31303a22636f6e746163745f6964223b693a31313b733a343a2274797065223b693a323b733a343a2264617461223b733a31353a22486f6c69776f6f6f6f6f6420313131223b733a363a22737461747573223b693a313b7d7d, 1, '2017-08-24 14:22:36'),
(101, 'contact_data', 11, 0, 0x613a313a7b693a303b613a353a7b733a323a226964223b693a33313b733a31303a22636f6e746163745f6964223b693a31313b733a343a2274797065223b693a303b733a343a2264617461223b733a333a22353535223b733a363a22737461747573223b693a313b7d7d, 0x613a313a7b693a303b613a353a7b733a323a226964223b693a33313b733a31303a22636f6e746163745f6964223b693a31313b733a343a2274797065223b693a303b733a343a2264617461223b733a333a22333333223b733a363a22737461747573223b693a313b7d7d, 18, '2017-08-24 15:44:44'),
(102, 'contact_data', 11, 0, 0x613a313a7b693a303b613a353a7b733a323a226964223b693a33313b733a31303a22636f6e746163745f6964223b693a31313b733a343a2274797065223b693a303b733a343a2264617461223b733a333a22323232223b733a363a22737461747573223b693a313b7d7d, 0x613a313a7b693a303b613a353a7b733a323a226964223b693a33313b733a31303a22636f6e746163745f6964223b693a31313b733a343a2274797065223b693a303b733a343a2264617461223b733a333a22333333223b733a363a22737461747573223b693a313b7d7d, 18, '2017-08-24 15:47:09');

-- --------------------------------------------------------

--
-- Table structure for table `login`
--

CREATE TABLE `login` (
  `id` int(11) NOT NULL,
  `user_id` int(11) NOT NULL,
  `loged_at` timestamp NOT NULL DEFAULT CURRENT_TIMESTAMP,
  `logout_at` datetime DEFAULT NULL
) ENGINE=InnoDB DEFAULT CHARSET=latin1 ROW_FORMAT=COMPACT;

--
-- Dumping data for table `login`
--

INSERT INTO `login` (`id`, `user_id`, `loged_at`, `logout_at`) VALUES
(1, 1, '2017-08-17 14:46:48', '2017-08-17 17:49:56'),
(2, 7, '2017-08-17 15:03:40', '2017-08-17 17:43:10'),
(3, 2, '2017-08-17 15:06:35', '2017-08-17 18:20:00'),
(4, 1, '2017-08-17 15:51:04', '2017-08-18 18:33:37'),
(5, 7, '2017-08-18 06:33:47', '2017-08-18 11:33:49'),
(6, 1, '2017-08-18 07:33:58', '2017-08-18 12:34:00'),
(7, 2, '2017-08-18 08:36:16', '2017-08-18 13:47:56'),
(8, 3, '2017-08-18 11:37:04', '2017-08-18 14:39:07'),
(9, 4, '2017-08-18 10:17:26', '2017-08-18 15:37:39'),
(10, 5, '2017-08-18 12:37:52', '2017-08-18 18:30:55'),
(11, 6, '2017-08-18 13:38:06', '2017-08-18 18:42:28'),
(12, 3, '2017-08-18 12:49:36', '2017-08-18 15:53:37'),
(13, 4, '2017-08-18 12:21:49', '2017-08-18 15:49:52'),
(14, 5, '2017-08-18 14:50:04', '2017-08-18 18:45:06'),
(15, 6, '2017-08-18 15:52:00', '2017-08-18 18:46:02'),
(16, 1, '2017-08-18 16:52:44', '2017-08-18 19:03:53'),
(17, 2, '2017-08-18 16:05:08', '2017-08-18 19:04:39'),
(18, 3, '2017-08-18 16:05:51', '2017-08-18 19:06:30'),
(19, 4, '2017-08-18 17:07:45', '2017-08-18 20:17:56'),
(20, 5, '2017-08-19 06:15:01', '2017-08-19 10:16:22'),
(21, 6, '2017-08-19 07:28:59', '2017-08-19 10:33:35'),
(22, 7, '2017-08-19 07:34:00', '2017-08-19 10:44:26'),
(23, 2, '2017-08-19 06:54:46', '2017-08-19 10:55:26'),
(24, 3, '2017-08-19 07:55:33', '2017-08-19 10:58:11'),
(25, 4, '2017-08-19 08:09:45', '2017-08-19 11:11:26'),
(26, 3, '2017-08-19 12:12:27', '2017-08-19 15:34:52'),
(27, 1, '2017-08-19 13:28:09', '2017-08-19 15:53:31'),
(28, 2, '2017-08-19 15:02:06', '2017-08-19 17:36:46'),
(29, 2, '2017-08-19 15:37:19', '2017-08-19 18:08:35'),
(30, 1, '2017-08-21 09:37:22', '2017-08-21 11:53:11'),
(31, 1, '2017-08-21 10:25:36', '2017-08-21 14:17:48'),
(32, 1, '2017-08-21 12:17:56', '2017-08-21 14:37:40'),
(33, 5, '2017-08-22 07:48:59', '2017-08-22 10:01:22'),
(34, 1, '2017-08-22 11:40:34', '2017-08-22 16:12:47'),
(35, 1, '2017-08-22 14:12:56', '2017-08-22 16:13:00'),
(36, 1, '2017-08-22 14:37:54', '2017-08-22 16:46:50'),
(37, 1, '2017-08-22 14:55:24', '2017-08-22 17:01:45'),
(38, 1, '2017-08-22 15:14:30', '2017-08-22 17:49:23'),
(39, 8, '2017-08-22 15:49:42', '2017-08-22 18:03:08'),
(40, 1, '2017-08-22 18:12:22', '2017-08-22 21:29:19'),
(41, 1, '2017-08-22 19:30:27', '2017-08-22 22:19:51'),
(42, 1, '2017-08-22 20:20:05', '0000-00-00 00:00:00'),
(43, 1, '2017-08-23 05:31:03', '2017-08-23 15:47:57'),
(44, 1, '2017-08-23 15:47:16', '2017-08-23 19:29:03'),
(45, 1, '2017-08-23 17:47:49', '2017-08-23 19:48:14'),
(46, 16, '2017-08-23 17:57:19', '2017-08-23 19:58:56'),
(47, 1, '2017-08-23 17:59:04', '2017-08-23 20:00:04'),
(48, 1, '2017-08-23 18:00:59', '2017-08-23 20:19:32'),
(49, 1, '2017-08-24 05:01:21', '2017-08-24 07:04:37'),
(50, 1, '2017-08-24 05:41:55', '2017-08-24 11:10:42'),
(51, 1, '2017-08-24 09:10:59', '2017-08-24 11:12:42'),
(52, 1, '2017-08-24 09:39:18', '2017-08-24 16:20:20'),
(53, 1, '2017-08-24 14:22:05', '2017-08-24 17:22:35'),
(54, 1, '2017-08-24 15:22:43', '2017-08-24 17:34:49'),
(55, 2, '2017-08-24 15:35:21', '2017-08-24 17:35:27'),
(56, 1, '2017-08-24 15:37:25', '2017-08-24 17:39:12'),
(57, 1, '2017-08-24 15:39:18', '2017-08-24 17:41:59'),
(58, 1, '2017-08-24 15:42:07', '2017-08-24 17:42:38'),
(59, 18, '2017-08-24 15:43:11', NULL);

-- --------------------------------------------------------

--
-- Table structure for table `members`
--

CREATE TABLE `members` (
  `id` int(11) NOT NULL,
  `first_name` varchar(50) NOT NULL,
  `last_name` varchar(50) NOT NULL,
  `email` varchar(100) NOT NULL,
  `password` varchar(100) NOT NULL,
  `status` int(1) NOT NULL,
  `created_at` timestamp NOT NULL DEFAULT CURRENT_TIMESTAMP
) ENGINE=InnoDB DEFAULT CHARSET=latin1 ROW_FORMAT=COMPACT;

--
-- Dumping data for table `members`
--

INSERT INTO `members` (`id`, `first_name`, `last_name`, `email`, `password`, `status`, `created_at`) VALUES
(1, 'aleksandar', 'kanjevac', 'aleksandar.kanjevac@gmail.com', '$2y$10$Wm1kvSWkJ9cI/.bg3i.UquKnFHE0FBw3GubCitvEDkWt5CMOe2.iW', 3, '2017-08-18 14:46:42'),
(2, 'sinisa', 'mihajlovic', 'miha@jjj.ccc', '$2y$10$w3Lb/4ylLJL1kOEtxG7u6OolDt9KwnrbICukgH0qp2tksYaH3a1/G', 1, '2017-08-18 14:47:51'),
(3, 'lola', 'lolic', 'lola@vozi.kola', '$2y$10$aGSUrZt6JlzO5vFb3buJv.uSeV632bST/FGl7xrMm7ZDXtMaVCAKK', 3, '2017-08-18 14:48:33'),
(4, 'petar', 'petrovic', 'pera@bmail.com', '$2y$10$wevyxhINZOqkVloHWsb6OuY4nqF8vPboqMiAkhu8tVbV1OdEmYCae', 3, '2017-08-18 14:49:00'),
(5, 'stojan', 'stojanovic', 'steva@zeva.com', '$2y$10$Fq/w/08rZ58y1wEm3Gv.hOEGRKYC/fNI8tdbooLiYzWH3L9qiqmHS', 3, '2017-08-18 14:49:29'),
(6, 'aleksandar', 'stevanovic', 'stevana@hhh.khjj', '$2y$10$vL8FchrW9/qL3jSzo5jDJe.0nXGJw1dcVN5PXmAGERJwxJ1S1uJZ.', 3, '2017-08-18 14:58:21'),
(7, 'slavica', 'peric', 'neka@nova.khg', '$2y$10$M1RFeorBH0T7gWTL3Evag.h8JfUtcp0y0ea2wwGCUunw4GQMyojW2', 1, '2017-08-18 15:03:19'),
(8, 'petar', 'petrovic', 'pera@sderl.com', '$2y$10$TeYQtVFpYSlMpxyK61eD/ej3AaGGynK0VXxEUS6ouJr78dErotyk6', 2, '2017-08-19 08:54:04'),
(9, 'milan', 'zivkovic', 'milan@jjj.vvv', '$2y$10$aMKxlOFVD0y3MMcwedT7jOE27K.fgp3G/dIt.rYoJl51XHuFcE9zO', 3, '2017-08-21 09:53:35'),
(10, 'aleksandar', 'bozovic', 'boki@hgjh.jdk', '$2y$10$1Cn59XWtcdImqnrIEWtrl.MyqJjfeXGwxMTrsmjhj.MV7HvxSiw0a', 3, '2017-08-21 10:10:36'),
(11, 'todor', 'manojlovic', 'toske@hhh.ddd', '$2y$10$3esvRABS.YcHj0irwoLRY..KglAY8d2ixVq3omU2O/737kzWqBwn6', 3, '2017-08-21 12:54:44'),
(12, 'dragan', 'mance', 'dragan@mance.kom', '$2y$10$luDUudt3kgHy.splxfQEXeXE/xlC6YcrupOKoH1veu7GTuZ8aO1iK', 3, '2017-08-22 07:45:30'),
(13, 'pera', 'zika', 'sdtr@ssd.kll', 'alekskan', 3, '2017-08-23 13:44:04'),
(14, 'nikola', 'nikolic', 'nidza@niki.com', '$2y$10$fajJukaz8Ze7tQjugOS6PONHvjo9MiUy.VyG1SGDkHOkLo7Pg6Whq', 3, '2017-08-23 13:53:44'),
(15, 'radoslav', 'djordjevic', 'rale@hh.kkjj', '$2y$10$q/oI43e6GKMVkLd9w5KmKepBIGxGOtlV8JWbPrvN8krpYtM55k7.K', 3, '2017-08-23 13:56:29'),
(16, 'djordje', 'ristic', 'djoka@pera.com', '$2y$10$aXgKeFBXJ.YwSVbqP0HuCOpkz6DlHg8dD.lWLe6ghVv6IlPowaWiC', 3, '2017-08-23 17:56:54'),
(17, 'pera', 'segedinac', 'peki@zmeki.nijeneki', '$2y$10$G2p.XIvWS5eWXTVEYfoj7.kpiubz2zyJwfYo3ThYs8iwINMi9ZaBC', 2, '2017-08-23 18:00:31'),
(18, 'milovan', 'mihajlovic', 'miki@hhh.lll', '$2y$10$Sjy/bCtHTgToVLPtUizH7.L1C4OuQnxKvcxdKwbIJwAe/5KzXSrMK', 1, '2017-08-24 15:43:03');

--
-- Indexes for dumped tables
--

--
-- Indexes for table `contact`
--
ALTER TABLE `contact`
  ADD PRIMARY KEY (`id`);

--
-- Indexes for table `contact_data`
--
ALTER TABLE `contact_data`
  ADD PRIMARY KEY (`id`);

--
-- Indexes for table `contact_views`
--
ALTER TABLE `contact_views`
  ADD PRIMARY KEY (`id`);

--
-- Indexes for table `history`
--
ALTER TABLE `history`
  ADD PRIMARY KEY (`id`);

--
-- Indexes for table `login`
--
ALTER TABLE `login`
  ADD PRIMARY KEY (`id`);

--
-- Indexes for table `members`
--
ALTER TABLE `members`
  ADD PRIMARY KEY (`id`);

--
-- AUTO_INCREMENT for dumped tables
--

--
-- AUTO_INCREMENT for table `contact`
--
ALTER TABLE `contact`
  MODIFY `id` int(11) NOT NULL AUTO_INCREMENT, AUTO_INCREMENT=31;
--
-- AUTO_INCREMENT for table `contact_data`
--
ALTER TABLE `contact_data`
  MODIFY `id` int(11) NOT NULL AUTO_INCREMENT, AUTO_INCREMENT=88;
--
-- AUTO_INCREMENT for table `contact_views`
--
ALTER TABLE `contact_views`
  MODIFY `id` int(11) NOT NULL AUTO_INCREMENT, AUTO_INCREMENT=225;
--
-- AUTO_INCREMENT for table `history`
--
ALTER TABLE `history`
  MODIFY `id` int(11) NOT NULL AUTO_INCREMENT, AUTO_INCREMENT=103;
--
-- AUTO_INCREMENT for table `login`
--
ALTER TABLE `login`
  MODIFY `id` int(11) NOT NULL AUTO_INCREMENT, AUTO_INCREMENT=60;
--
-- AUTO_INCREMENT for table `members`
--
ALTER TABLE `members`
  MODIFY `id` int(11) NOT NULL AUTO_INCREMENT, AUTO_INCREMENT=19;
/*!40101 SET CHARACTER_SET_CLIENT=@OLD_CHARACTER_SET_CLIENT */;
/*!40101 SET CHARACTER_SET_RESULTS=@OLD_CHARACTER_SET_RESULTS */;
/*!40101 SET COLLATION_CONNECTION=@OLD_COLLATION_CONNECTION */;
